Dashboard Category,Dashboard Name,Key Metrics,Metric Definition,Measurement Method,Data Sources,Reporting Frequency,Primary Use Case,Stakeholder/Audience,Business Value,Implementation Priority
Acquisition & Performance Marketing,Paid Media Performance Dashboard,"CAC, ROAS, CTR, CPC, Conversion Rate","Customer Acquisition Cost, Return on Ad Spend, Click-through Rate, Cost per Click, Booking Conversion Rate","Attribution tracking, UTM parameters, pixel tracking","Facebook Ads, Google Ads, TikTok, Programmatic platforms, Internal booking system",Daily,Optimize ad spend allocation and campaign performance,"Performance Marketing Team, CMO","Reduce acquisition costs by 15-20%, improve ROAS",High
Acquisition & Performance Marketing,Channel Attribution Dashboard,"First-touch attribution, Last-touch attribution, Multi-touch attribution, Channel overlap",Credit assignment across marketing touchpoints for bookings,"Data-driven attribution models, cookie and user ID matching","All digital channels, CRM, Web analytics",Weekly,Understand channel contribution and optimize budget allocation,"Marketing Science, Finance, CMO",Improve budget allocation efficiency by 10-15%,High
Acquisition & Performance Marketing,Campaign Performance Scorecard,"Impressions, Clicks, Spend, Bookings, Revenue, Frequency","Campaign-level performance metrics with breakdown by creative, audience, placement","Campaign tracking, conversion pixel, cohort analysis","Ad platforms APIs, Internal analytics",Daily,Real-time campaign optimization and creative performance,"Campaign Managers, Creative Team",Increase campaign efficiency by 20-25%,High
Acquisition & Performance Marketing,Organic Search & SEO Dashboard,"Organic traffic, Keyword rankings, Search visibility, Organic conversion rate",Performance of non-paid search traffic and SEO efforts,"Search console data, ranking tools, organic conversion tracking","Google Search Console, SEMrush, Internal analytics",Weekly,Optimize organic search strategy and content,"SEO Team, Content Marketing","Reduce paid search dependency, increase organic traffic 30%",Medium
Acquisition & Performance Marketing,Affiliate & Partnership Dashboard,"Partner-driven bookings, Commission rates, Partner ROI, Partner lifetime value",Performance of affiliate and partnership marketing channels,"Partner tracking links, commission tracking, revenue attribution","Affiliate networks, Partner APIs, Commission tracking systems",Weekly,Manage partner relationships and optimize commission structures,"Partnership Team, Finance","Diversify acquisition channels, reduce reliance on paid media",Medium
Acquisition & Performance Marketing,Creative Performance Analytics,"Creative engagement rate, Creative fatigue index, A/B test results, Creative ROI",Performance analysis of advertising creative assets,"Creative testing frameworks, engagement tracking, statistical testing","Creative management platforms, Ad platforms, A/B testing tools",Weekly,Optimize creative strategy and prevent ad fatigue,"Creative Team, Performance Marketing",Improve creative performance by 15-20%,Medium
Customer Journey & Conversion Analytics,Booking Funnel Analysis,"Funnel conversion rates, Drop-off points, Time to conversion, Funnel optimization opportunities",Detailed analysis of user journey from search to booking,"Funnel tracking, event logging, cohort analysis","Web analytics, Mobile analytics, Backend booking system",Daily,Identify and fix conversion bottlenecks,"Product Team, UX Design, Marketing",Increase booking conversion rate by 10-15%,High
Customer Journey & Conversion Analytics,Customer Lifetime Value Dashboard,"CLV by segment, CLV by acquisition channel, Repeat booking rate, Customer retention curves",Comprehensive view of customer value over time,"Cohort analysis, statistical modeling, revenue tracking","CRM, Booking system, Payment processing",Monthly,Optimize customer acquisition and retention strategies,"Marketing, Finance, Product",Increase CLV by 20-25%,High
Customer Journey & Conversion Analytics,Lead Progression Tracking,"Lead volume, Lead quality score, Lead-to-booking conversion, Time to conversion",Tracking of potential customers through the consideration funnel,"Lead scoring, progressive profiling, conversion tracking","CRM, Marketing automation, Web analytics",Weekly,Optimize lead nurturing and qualification processes,"Marketing Operations, Sales",Improve lead conversion by 15-20%,High
Customer Journey & Conversion Analytics,Cross-Device Journey Mapping,"Cross-device users, Device switching patterns, Multi-device conversion paths",Understanding how users interact across multiple devices,"Device fingerprinting, user ID matching, cross-device tracking","Web analytics, Mobile analytics, User identity platforms",Monthly,Optimize multi-device user experience,"Product Team, UX Design",Improve attribution accuracy by 25%,Medium
Customer Journey & Conversion Analytics,Retention & Churn Analysis,"Monthly retention rate, Churn prediction score, Re-engagement success rate, Win-back campaigns",Analysis of customer retention patterns and churn prevention,"Cohort analysis, predictive modeling, behavioral segmentation","CRM, Booking system, Email platforms",Monthly,Reduce churn and increase customer retention,"CRM Team, Product, Marketing","Reduce churn by 20%, increase retention by 15%",High
Customer Journey & Conversion Analytics,User Segmentation Dashboard,"Behavioral segments, Value-based segments, Lifecycle stage distribution, Segment performance",Comprehensive customer segmentation and performance tracking,"Machine learning clustering, RFM analysis, behavioral tracking","CRM, Analytics platforms, Booking system",Monthly,Personalize marketing and product experiences,"Marketing, Product, Data Science",Improve segment-specific conversion by 25%,Medium
Revenue & Business Performance,Revenue Performance Dashboard,"Total bookings revenue, Revenue per booking, Average daily rate (ADR), Revenue growth rate",Core revenue metrics and growth tracking,"Revenue tracking, statistical analysis, cohort analysis","Booking system, Payment processing, Financial systems",Daily,Monitor business performance and revenue trends,"Finance, Executive Team, Investors","Track toward revenue goals, identify growth opportunities",High
Revenue & Business Performance,Unit Economics Dashboard,"Unit contribution margin, Payback period, LTV/CAC ratio, Gross margin per booking",Detailed profitability analysis at unit level,"Financial modeling, cost allocation, margin analysis","Financial systems, Cost centers, Booking system",Monthly,Understand profitability and optimize unit economics,"Finance, Strategy, Executive Team",Improve unit economics by 10-15%,High
Revenue & Business Performance,Market Performance Analytics,"Market share, Competitive pricing analysis, Demand forecasting, Market penetration",Performance analysis by geographic and demographic markets,"Market research, competitive intelligence, demand modeling","Market research tools, Competitive data, Internal analytics",Monthly,Optimize market strategy and expansion decisions,"Strategy, Marketing, Business Development","Identify new market opportunities, optimize pricing",Medium
Revenue & Business Performance,Host/Supply Performance Dashboard,"Host earnings, Listing utilization, Host retention rate, Supply quality metrics",Performance metrics for supply-side of marketplace,"Host analytics, listing performance tracking, quality scoring","Host platform, Listing management, Quality systems",Weekly,Optimize host experience and supply quality,"Host Operations, Product",Increase host satisfaction and supply quality,High
Revenue & Business Performance,Seasonal & Demand Analytics,"Seasonal demand patterns, Peak booking periods, Capacity utilization, Demand elasticity",Analysis of seasonal trends and demand patterns,"Time series analysis, demand forecasting, capacity modeling","Booking system, External data sources, Historical analytics",Monthly,,,,